{"software developer":94512.35834746141,"help desk":41796.40718562874,"technical support":77461.21003852962,"project management":80793.22488680195,"operations":54900.09187307381}